berth,name,direct_calls,overlap_rate,single
020|*AG|01,욕망산 사석 적출장,80,0.22784810126582278,False
020|*DL|01,선진조선,27,0.5384615384615384,False
020|*DP|01,선진2조선,14,0.46153846153846156,False
020|*DS|01,동성조선,15,0.42857142857142855,False
020|*GY|01,진양조선,6,0.2,False
020|*IJ|01,일자방파제,80,0.759493670886076,False
020|*JG|01,자갈치,55,0.16666666666666666,False
020|*JY|01,조양조선,1,0.0,False
020|*LP|01,대평동호안,1636,1.0,False
020|*MM|99,진해 명동마리나,3,0.5,False
020|*NB|01,남부민방파제,484,0.9979296066252588,False
020|*NH|01,남항 조선,3,0.0,False
020|*S2|06,신항 2-6단계 축조공사,8,0.14285714285714285,False
020|*SH|01,삼화조선,23,0.5909090909090909,False
020|*SY|01,삼영조선,12,0.09090909090909091,True
020|*WG|01,공동어시장앞물량장,93,0.25,False
020|*WN|01,남항 물량장,385,0.23697916666666666,False
020|*YD|01,영도조선,16,0.26666666666666666,False
020|*YQ|01,기타 남항 사설조선소,147,0.9863013698630136,False
020|MB1|02,연안여객터미널 12선석,5,0.0,True
020|MB1|03,연안여객터미널 13선석,1,0.0,False
020|MB5|01,5부두 51선석(양곡부두),14,0.0,True
020|MB5|02,5부두 52선석(양곡부두),24,0.08695652173913043,True
020|MB6|01,자성대부두 61선석,3,0.0,False
020|MB6|02,자성대부두 62선석,6,0.0,True
020|MB6|03,자성대부두 63선석,21,0.3,False
020|MB6|04,자성대부두 64선석,25,0.7083333333333334,False
020|MB6|05,자성대부두 65선석,77,0.05263157894736842,True
020|MB7|01,7부두 71선석,71,0.07142857142857142,True
020|MB7|02,7부두 72선석,158,0.01910828025477707,True
020|MB7|03,7부두 73선석,192,0.020942408376963352,True
020|MB7|04,7부두 74선석,10,0.0,True
020|MB7|05,우암부두 75선석,1,0.0,False
020|MB7|06,우암부두 76선석,4,0.0,False
020|MB8|01,8부두 81선석,4,0.0,False
020|MB8|02,8부두 82선석,5,0.0,True
020|MB8|03,8부두 83선석,4,0.0,False
020|MB8|04,8부두 84선석,10,0.2222222222222222,False
020|MB8|05,8부두 85선석,60,0.06779661016949153,True
020|MB8|06,8부두 86선석,9,0.25,False
020|MBD|01,동명부두 D1선석,62,0.14754098360655737,False
020|MBD|02,동명부두 D2선석,99,0.05102040816326531,True
020|MBD|03,동명부두 D3선석,5,0.0,True
020|MBE|Q1,감만부두 동측안벽 1 선석,35,0.029411764705882353,True
020|MBE|Q2,감만부두 동측안벽 2선석,8,0.2857142857142857,False
020|MBE|Q3,감만부두 동측안벽 3선석(SK돌핀),179,0.016853932584269662,True
020|MBF|01,북항크루즈터미널 1선석,170,0.03550295857988166,True
020|MBF|02,북항크루즈터미널 2선석,41,0.0,True
020|MBF|05,국제여객터미널 5선석,153,0.0,True
020|MBF|07,국제여객터미널 7선석,376,0.0,True
020|MBF|08,국제여객터미널 8선석,127,0.0,True
020|MBF|09,국제여객터미널 9선석,382,0.0,True
020|MBF|10,국제여객터미널 10선석,300,0.0,True
020|MBF|11,국제여객터미널 11선석,348,0.01729106628242075,True
020|MBF|12,국제여객터미널 12선석,453,0.11283185840707964,False
020|MBF|13,국제여객터미널 13선석,17,0.0,True
020|MBF|14,국제여객터미널 14선석,88,0.034482758620689655,True
020|MBG|01,소형선부두 01,8,0.7142857142857143,False
020|MBH|01,한국해양대학부두,16,0.5333333333333333,False
020|MBI|01,소형선부두확장구간 01,23,0.5909090909090909,False
020|MBK|01,관공선부두,11,0.0,True
020|MBM|01,미원안벽,68,0.9104477611940298,False
020|MBO|01,용호만 매립부두,13,0.08333333333333333,True
020|MBO|02,백운포매립부두(해군작전사령부),1,0.0,False
020|MBP|01,연안유람선부두 1선석,7,0.0,True
020|MBP|07,연안유람선부두 7선석,1,0.0,False
020|MBP|10,연안유람선부두 10선석,1,0.0,False
020|MBP|12,연안유람선부두 12선석,13,0.0,True
020|MBQ|01,용호부두,6,0.2,False
020|MBR|01,감만부두 1선석(한국허치슨터미널),493,0.540650406504065,False
020|MBR|02,감만부두 2선석(신선대감만터미널),139,0.34057971014492755,False
020|MBR|03,감만부두 3선석(신선대감만터미널),665,0.6039156626506024,False
020|MBR|04,감만부두 4선석(신선대감만터미널),530,0.499054820415879,False
020|MBR|E1,신감만부두 1선석,296,0.0576271186440678,True
020|MBR|E2,신감만부두 2선석,264,0.022813688212927757,True
020|MBR|E3,신감만부두 3선석,259,0.031007751937984496,True
020|MBS|01,신선대부두 1선석,344,0.37317784256559766,False
020|MBS|02,신선대부두 2선석,302,0.3588039867109635,False
020|MBS|03,신선대부두 3선석,394,0.455470737913486,False
020|MBS|04,신선대부두 4선석,392,0.5370843989769821,False
020|MBS|05,신선대부두 5선석,252,0.1593625498007968,False
020|MBS|SA,신선대행정선부두,17,0.375,False
020|MBU|01,연합부두 연1선석,4,0.0,False
020|MBU|02,연합부두 연2선석,110,0.21100917431192662,False
020|MBY|01,영도크루즈터미널,94,0.03225806451612903,True
020|MDD|01,다대포조선소,154,0.7581699346405228,False
020|MDU|01,연합돌핀,24,0.043478260869565216,True
020|MDY|01,영도(KOCO) 돌핀,252,0.11952191235059761,False
020|MFL|01,신항 다목적부두연결잔교,207,0.043689320388349516,True
020|MK1|02,감천 1부두 2선석,42,0.8292682926829268,False
020|MK1|03,감천 1부두 3선석,61,0.43333333333333335,False
020|MK1|04,감천 1부두 4선석,48,0.3404255319148936,False
020|MK2|01,감천 2부두 1선석,276,0.5127272727272727,False
020|MK2|02,감천 2부두 2선석,124,0.8292682926829268,False
020|MK2|03,감천 2부두 3선석,94,0.13978494623655913,False
020|MK2|04,감천 2부두 4선석,52,0.13725490196078433,False
020|MK3|01,감천 3부두 1선석,74,0.7534246575342466,False
020|MK3|02,감천 3부두 2선석,89,0.6136363636363636,False
020|MK3|03,감천 3부두 3선석,71,0.6714285714285714,False
020|MK3|04,감천 3부두 4선석,80,0.7974683544303798,False
020|MK3|05,감천 3부두 35선석,88,0.10344827586206896,False
020|MK3|06,감천 3부두 36선석,34,0.0,True
020|MK4|01,감천 4부두 1선석(국제수산물부두),148,0.2585034013605442,False
020|MK4|04,감천 4부두 4선석,1,0.0,False
020|MK4|05,감천 4부두 5선석,914,0.9967141292442497,False
020|MK5|01,감천 5부두 1선석,8,0.42857142857142855,False
020|MK5|02,감천 5부두 2선석,29,0.14285714285714285,False
020|MK5|03,감천 5부두 3선석,58,0.0,True
020|MK5|04,감천 5부두 4선석,222,0.0,True
020|MK5|05,삼경안벽(동하조선),10,0.5555555555555556,False
020|MK5|06,쌍용안벽,192,0.02617801047120419,True
020|MK5|07,해양조선,1,0.0,False
020|MK6|01,감천 6부두 1선석,130,0.2713178294573643,False
020|MK6|02,감천 6부두 2선석,92,0.2857142857142857,False
020|MK6|03,감천 6부두 3선석,64,0.06349206349206349,True
020|MK7|01,감천 7부두 1선석,76,0.21333333333333335,False
020|MK7|02,감천 7부두 2선석,73,0.2361111111111111,False
020|MKC|01,감천 중앙부두 1선석,34,0.0,True
020|MKC|02,감천 중앙부두 2선석,65,0.046875,True
020|MKC|03,감천 중앙부두 3선석,82,0.13580246913580246,False
020|MKC|04,감천 중앙부두 4선석,54,0.03773584905660377,True
020|MKC|05,감천 중앙부두 5선석,64,0.031746031746031744,True
020|MKD|01,다대부두 1선석,2,0.0,False
020|MKD|02,다대부두 2선석,1,0.0,False
020|MKW|01,감천서방파제 1선석,11,0.1,True
020|MKW|02,감천서방파제 2선석,7,0.0,True
020|MKW|03,감천서방파제 3선석,4,0.3333333333333333,False
020|MQA|01,삼한안벽-01,9,0.125,False
020|MQA|03,삼한안벽-03,5,0.0,True
020|MQB|01,부산수리조선안벽,1,0.0,False
020|MQC|01,HJ 중공업 안벽,142,0.6666666666666666,False
020|MQD|01,대선조선안벽,8,0.42857142857142855,False
020|MQF|01,감천 선기조합조선소 안벽-01,4,0.3333333333333333,False
020|MQF|02,감천 선기조합조선소 안벽-02,69,0.36764705882352944,False
020|MQG|01,경남조선안벽,4,0.0,False
020|MQL|02,동일조선안벽-02,8,1.0,False
020|MQN|01,감천 강남조선안벽-01,2,0.0,False
020|MQO|01,미창석유안벽,3,0.0,False
020|MQP|01,아틀라스안벽,8,0.5714285714285714,False
020|MQU|01,부광조선 2안벽(YS조선),26,0.28,False
020|MS3|01,신항 3부두 1선석,244,0.13580246913580246,False
020|MS3|02,신항 3부두 2선석,78,0.06493506493506493,True
020|MS3|03,신항 3부두 3선석,378,0.14588859416445624,False
020|MS3|04,신항 3부두 4선석,313,0.10576923076923077,False
020|MS4|01,신항 4부두 1선석,297,0.10472972972972973,False
020|MS4|02,신항 4부두 2선석,284,0.0989399293286219,True
020|MS4|03,신항 4부두 3선석,263,0.12213740458015267,False
020|MS4|04,신항 4부두 4선석,2,0.0,False
020|MS5|01,신항 5부두 1선석,296,0.14576271186440679,False
020|MS5|02,신항 5부두 2선석,271,0.15555555555555556,False
020|MS5|03,신항 5부두 3선석,96,0.08421052631578947,True
020|MS5|04,신항 5부두 4선석,255,0.14173228346456693,False
020|MS6|01,신항 6부두 1선석,192,0.05759162303664921,True
020|MS6|02,신항 6부두 2선석,210,0.09090909090909091,True
020|MS6|03,신항 6부두 3선석,91,0.15555555555555556,False
020|MS7|01,신항 7부두 1선석,241,0.0625,True
020|MS7|02,신항 7부두 2선석,256,0.16470588235294117,False
020|MS7|03,신항 7부두 3선석,248,0.11336032388663968,False
020|MSL|01,신항 다목적부두,163,0.16049382716049382,False
020|MSN|01,신항 1부두 1선석,261,0.09615384615384616,True
020|MSN|02,신항 1부두 2선석,226,0.12444444444444444,False
020|MSN|03,신항 1부두 3선석,206,0.07804878048780488,True
020|MSN|04,신항 2부두 1선석,275,0.051094890510948905,True
020|MSN|05,신항 2부두 2선석,269,0.07835820895522388,True
020|MSN|06,신항 2부두 3선석,250,0.05220883534136546,True
020|MSN|07,신항 2부두 4선석,239,0.08403361344537816,True
020|MSN|08,신항 2부두 5선석,221,0.04090909090909091,True
020|MW4|01,4물량장 1선석,2,0.0,False
020|MW5|01,5물량장 1선석,6017,0.9998337765957447,False
020|MW5|02,5물량장 2선석,1,0.0,False
020|MWB|01,봉래동물량장,419,0.9952153110047847,False
020|MWD|01,동삼 물양장,8,0.0,True
020|MWK|01,감천 중앙부두물량장-01,1,0.0,False
020|MWN|01,감만시민(역무선)부두,18,0.8823529411764706,False
020|MYD|01,대선조선소,5,0.25,False
020|MYF|01,선기조합-01(포코),20,0.05263157894736842,True
020|MYF|02,선기조합-02(창우해양),1,0.0,False
020|MYF|03,선기조합-03(대흥조선),5,0.5,False
020|MYF|04,선기조합-04(그린월드JY,2,0.0,False
020|MYF|05,선기조합-05(BCMS),11,0.1,True
020|MYF|06,"선기조합-06(삼우 2, 4)",16,0.06666666666666667,True
020|MYF|07,선기조합-07(선보),193,0.34375,False
020|MYF|08,선기조합-08(오리엔트),13,0.5833333333333334,False
020|MYF|09,선기조합-09(KJ),28,0.4074074074074074,False
020|MYF|10,선기조합-10(삼우 1),9,0.0,True
020|MYF|11,선기조합-11(송린),37,0.027777777777777776,True
020|MYF|12,셔우드코리아,17,0.5625,False
020|MYG|01,경남조선소,10,0.5555555555555556,False
020|MYL|01,동일 조선소,13,0.25,False
020|MYN|01,강남조선소,1,0.0,False
020|MYP|01,부산조선안벽,19,0.7777777777777778,False
020|MYQ|01,기타 북항사설조선소,37,0.8611111111111112,False
020|OLD|01,동명호안,329,0.2530487804878049,False
020|OLH|01,청학안벽,1024,0.978494623655914,False
020|OLS|01,동삼안벽,27,0.0,True
020|OLT|01,대교동호안,105,0.9903846153846154,False
020|WAA|04,A박지 A4 묘지,1,0.0,False
020|WAE|01,E박지 E1 묘지,48,0.0,True
020|WAE|02,E박지 E2 묘지,19,0.05555555555555555,True
020|WAM|07,M박지 M7 묘지,67,0.015151515151515152,True
020|WAM|08,M박지 M8 묘지,54,0.03773584905660377,True
020|WAM|09,M박지 M9 묘지,72,0.11267605633802817,False
020|WAN|01,남외항 N-1박지,139,0.6739130434782609,False
020|WAN|02,남외항 N-2박지,530,0.9603024574669187,False
020|WAN|03,남외항 N-3박지,1729,0.9976851851851852,False
020|WAN|04,남외항 N-4박지,859,0.803030303030303,False
020|WAN|05,남외항 N-5박지,1239,0.8957996768982229,False
020|WAO|02,O박지 O2 묘지,173,0.47674418604651164,False
020|WAS|01,수영박지(집단박지),2,0.0,False
020|XMC|99,북항 내 공사구간,7,0.0,True
030|MB1|00,내항 1부두 10선석,1,0.0,False
030|MB1|01,내항 1부두 11선석,7,0.0,True
030|MB1|02,내항 1부두 12선석,1,0.0,False
030|MB2|00,내항 2부두 20선석,19,0.0,True
030|MB2|01,내항 2부두 21선석,9,0.0,True
030|MB2|02,내항 2부두 22선석,10,0.0,True
030|MB2|03,내항 2부두 23선석,30,0.10344827586206896,False
030|MB2|04,내항 2부두 24선석,8,0.14285714285714285,False
030|MB2|05,내항 2부두 25선석,8,0.0,True
030|MB2|06,내항 2부두 26선석,3,0.0,False
030|MB3|00,내항 3부두 30선석,32,0.16129032258064516,False
030|MB3|01,내항 3부두 31선석,17,0.0,True
030|MB3|02,내항 3부두 32선석,16,0.0,True
030|MB3|03,내항 3부두 33선석,12,0.0,True
030|MB3|04,내항 3부두 34선석,17,0.0,True
030|MB3|05,내항 3부두 35선석,9,0.0,True
030|MB3|06,내항 3부두 36선석,13,0.0,True
030|MB4|00,내항 4부두 40선석,44,0.023255813953488372,True
030|MB4|01,내항 4부두 41선석,27,0.038461538461538464,True
030|MB4|02,내항 4부두 42선석,18,0.11764705882352941,False
030|MB4|03,내항 4부두 43선석,43,0.07142857142857142,True
030|MB4|04,내항 4부두 44선석,9,0.125,False
030|MB5|00,내항 5부두 50선석,14,0.0,True
030|MB5|01,내항 5부두 51선석,20,0.0,True
030|MB5|02,내항 5부두 52선석,115,0.008771929824561403,True
030|MB5|03,내항 5부두 53선석,43,0.047619047619047616,True
030|MB6|00,내항 6부두 60선석,23,0.0,True
030|MB6|01,내항 6부두 61선석,21,0.0,True
030|MB6|02,내항 6부두 62선석,19,0.0,True
030|MB6|04,내항 6부두 64선석,1,0.0,False
030|MB6|05,내항 6부두 65선석,36,0.0,True
030|MB7|00,내항 7부두 70선석,11,0.0,True
030|MB7|02,내항 7부두 72선석,24,0.08695652173913043,True
030|MB7|03,내항 7부두 73선석,33,0.1875,False
030|MBB|01,북항 동원로엑스부두 1선석,70,0.10144927536231885,False
030|MBB|02,북항 동원로엑스부두 2선석,99,0.11224489795918367,False
030|MBB|03,북항 동원로엑스부두 3선석,119,0.2711864406779661,False
030|MBE|01,남항 E1컨테이너부두,368,0.01634877384196185,True
030|MBG|01,북항 대주중공업부두 1선석,23,0.045454545454545456,True
030|MBG|02,북항 대주중공업부두 2선석,64,0.1111111111111111,False
030|MBG|03,북항 대주중공업부두 3선석,41,0.0,True
030|MBH|01,북항 현대제철부두 1선석,11,0.0,True
030|MBH|02,북항 현대제철부두 2선석,48,0.1276595744680851,False
030|MBI|01,남항 인천컨테이너터미널 1부두,191,0.010526315789473684,True
030|MBI|02,남항 인천컨테이너터미널 2부두,225,0.0,True
030|MBJ|01,북항 동국제강부두 1선석,32,0.0,True
030|MBK|01,북항 다목적부두 1선석,57,0.14285714285714285,False
030|MBM|01,북항 만석부두,29,0.10714285714285714,False
030|MBN|01,남항 모래부두,1414,1.0,False
030|MBP|01,연안항 연안 1부두,4,0.0,False
030|MBP|10,남항 크루즈부두,94,0.010752688172043012,True
030|MBP|11,남항 신국제여객부두 1선석,86,0.0,True
030|MBP|12,남항 신국제여객부두 2선석,184,0.00546448087431694,True
030|MBP|13,남항 신국제여객부두 3선석,41,0.0,True
030|MBP|14,남항 신국제여객부두 4선석,246,0.012244897959183673,True
030|MBP|15,남항 신국제여객부두 5선석,302,0.0,True
030|MBP|16,남항 신국제여객부두 6선석,40,0.0,True
030|MBP|17,남항 신국제여객부두 7선석,1,0.0,False
030|MBR|01,남항 영진부두,7,0.0,True
030|MBS|01,북항부두(북성동): 선광공사,337,0.9761904761904762,False
030|MBU|01,북항 대한통운부두 1선석,74,0.2328767123287671,False
030|MBU|02,북항 대한통운부두 2선석,21,0.05,True
030|MBW|01,북항 아이엔티시부두 1선석,39,0.07894736842105263,True
030|MBW|02,북항 아이엔티시부두 2선석,49,0.2708333333333333,False
030|MBX|01,북항 동방부두 1선석,29,0.0,True
030|MBX|02,북항 동방부두 2선석,34,0.06060606060606061,True
030|MBX|03,북항 동방부두 3선석,15,0.0,True
030|MBY|01,연안항 연안부두,21,0.45,False
030|MBZ|01,거첨도 삼표모래부두,21,0.0,True
030|MBZ|02,거첨도 선광모래부두,25,0.08333333333333333,True
030|MDD|01,연안항 S-OIL돌핀,94,0.03225806451612903,True
030|MDD|03,남항 쌍용양회돌핀,109,0.0,True
030|MDE|03,송도 E1돌핀,43,0.0,True
030|MDH|01,북항 GS칼텍스돌핀,30,0.034482758620689655,True
030|MDJ|01,북항 대한항공돌핀,36,0.0,True
030|MDK|01,북항 SK인천석유화학 제1돌핀,126,0.08,True
030|MDK|02,북항 SK인천석유화학 제2돌핀,101,0.01,True
030|MDK|03,북항 SK인천석유화학 제3돌핀,94,0.021505376344086023,True
030|MDK|04,북항 SK인천석유화학 제4돌핀,27,0.0,True
030|MDL|01,남항 한일탱크돌핀(1),37,0.0,True
030|MDN|01,송도 한국가스공사1돌핀,485,0.9008264462809917,False
030|MDN|02,송도 한국가스공사2돌핀,93,0.043478260869565216,True
030|MDO|01,남항 삼표시멘트돌핀,157,0.0,True
030|MDR|01,남항 한라시멘트돌핀,135,0.022388059701492536,True
030|MDU|01,영흥도 영흥화력1돌핀,61,0.45,False
030|MDU|02,영흥도 영흥화력2돌핀,35,0.17647058823529413,False
030|MDU|03,영흥도 영흥화력3돌핀,63,0.532258064516129,False
030|MDW|01,남항 한일∙대우시멘트돌핀,47,0.0,True
030|MDX|01,북항 현대오일뱅크돌핀,224,0.004484304932735426,True
030|MDY|01,연안항 GS돌핀 (1),85,0.0,True
030|MFG|01,연안항 역무선부두 잔교,102,0.900990099009901,False
030|MFG|02,북항 관공선부두 잔교,3,0.0,False
030|MFG|03,신항 관리부두 잔교,110,0.3669724770642202,False
030|MFY|01,연안항 연안 잔교,1,0.0,False
030|MQT|02,남항 석탄부두돌핀,20,0.05263157894736842,True
030|MQY|02,영흥도 영흥화력석회석부두(2),1,0.0,False
030|MSA|01,신항 한진인천컨테이너터미널 1선석,413,0.0412621359223301,True
030|MSA|02,신항 한진인천컨테이너터미널 2선석,420,0.06682577565632458,True
030|MSA|03,신항 한진인천컨테이너터미널 3선석,374,0.024128686327077747,True
030|MSB|01,신항 선광신컨테이너터미널 1선석,342,0.011730205278592375,True
030|MSB|02,신항 선광신컨테이너터미널 2선석,292,0.030927835051546393,True
030|MSB|03,신항 선광신컨테이너터미널 3선석,376,0.136,False
030|WAA|03,A박지 A3,7,0.0,True
030|WAA|04,A박지 A4,1,0.0,False
030|WAA|06,A박지 A06,9,0.0,True
030|WAA|09,A박지 A09,25,0.125,False
030|WAE|01,E박지 E01,22,0.0,True
030|WAE|02,E박지 E02,7,0.0,True
030|WAE|03,E박지 E03,24,0.0,True
030|WAE|04,E박지 E04,4,0.0,False
030|WAE|05,E박지 E05(통과선박전용),5,0.0,True
030|WAE|06,E박지 E06,5,0.0,True
030|WAQ|01,검역박지,51,0.48,False
030|WAW|01,W박지 W01,5,0.0,True
030|WAW|02,W박지 W02,14,0.15384615384615385,False
030|WAW|03,W박지 W03,6,0.0,True
030|WAW|04,W박지 W04,12,0.0,True
030|WAW|05,W박지 W05,84,0.43373493975903615,False
030|WAW|09,W박지 W09,2,0.0,False
030|WAW|10,W박지 W10,3,0.0,False
030|WAW|11,W박지 W11,12,0.0,True
030|WAW|12,W박지 W12,21,0.1,True
030|WAW|13,W박지 W13,2,0.0,False
030|WAW|16,W박지 W16(경인항),127,0.031746031746031744,True
030|WAW|17,W박지 W17(경인항),1,0.0,False
031|MBD|01,고대부두 1번선석,31,0.13333333333333333,False
031|MBD|02,고대부두 2번선석,79,0.28205128205128205,False
031|MBD|03,고대부두 3번선석,218,0.22119815668202766,False
031|MBD|04,고대부두 4번선석,33,0.0625,True
031|MBD|05,고대부두 5번선석,28,0.037037037037037035,True
031|MBD|06,고대부두 6번선석,31,0.13333333333333333,False
031|MBD|07,고대부두 7번선석,79,0.038461538461538464,True
031|MBD|08,고대부두 8번선석,96,0.3894736842105263,False
031|MBD|09,고대부두 9번선석,115,0.14912280701754385,False
031|MBH|01,송악부두 1번선석,14,0.38461538461538464,False
031|MBH|02,송악부두 2번선석,82,0.0,True
031|MBH|04,송악부두 4번선석,120,0.40336134453781514,False
031|MBH|05,송악부두 5번선석,98,0.29896907216494845,False
031|MBH|06,송악부두 6번선석,111,0.34545454545454546,False
031|MBH|07,송악부두 7번선석,33,0.125,False
031|MBH|08,송악부두 8번선석,41,0.025,True
031|MBH|09,송악부두 9번선석,105,0.07692307692307693,True
031|MBH|10,송악부두 10번선석,50,0.061224489795918366,True
031|MBH|11,송악부두 11번선석,175,0.3505747126436782,False
031|MBH|12,송악부두 12번선석,175,0.5919540229885057,False
031|MBH|14,송악부두 14번선석,51,0.1,True
031|MBM|01,동부두 1번선석,124,0.25203252032520324,False
031|MBM|02,동부두 2번선석,161,0.28125,False
031|MBM|03,동부두 3번선석,121,0.16666666666666666,False
031|MBM|04,동부두 4번선석,99,0.22448979591836735,False
031|MBM|05,동부두 5번선석,80,0.22784810126582278,False
031|MBM|06,동부두 6번선석,189,0.031914893617021274,True
031|MBM|07,동부두 7번선석,247,0.07317073170731707,True
031|MBM|08,동부두 8번선석,192,0.03664921465968586,True
031|MBM|09,동부두 9번선석,263,0.10687022900763359,False
031|MBM|10,동부두 10번선석,149,0.033783783783783786,True
031|MBM|11,동부두 11번선석,148,0.3197278911564626,False
031|MBM|12,동부두 12번선석,167,0.3373493975903614,False
031|MBM|13,동부두 13번선석,193,0.015625,True
031|MBM|14,동부두 14번선석,178,0.07909604519774012,True
031|MBM|15,동부두 15번선석,272,0.2767527675276753,False
031|MBM|16,동부두 16번선석,175,0.3793103448275862,False
031|MBN|01,군항부두,26,0.0,True
031|MBP|02,국제여객부두 2번선석,155,0.03896103896103896,True
031|MBS|04,모래부두 4,58,0.0,True
031|MBW|01,서부두 1번선석,113,0.03571428571428571,True
031|MBW|02,서부두 2번선석,95,0.2872340425531915,False
031|MBW|03,서부두 3번선석,149,0.013513513513513514,True
031|MBW|04,서부두 4번선석,113,0.30357142857142855,False
031|MBW|05,서부두 5번선석,133,0.3409090909090909,False
031|MBW|06,서부두 6번선석,134,0.44360902255639095,False
031|MBW|07,서부두 7번선석,102,0.24752475247524752,False
031|MBW|08,서부두 8번선석,112,0.40540540540540543,False
031|MBW|09,서부두 9번선석,84,0.3373493975903614,False
031|MDK|01,기호돌핀,159,0.0189873417721519,True
031|MDL|01,LPG 돌핀 1,4,0.0,False
031|MDL|02,LPG 돌핀 2,5,0.0,True
031|MDN|01,LNG 돌핀 1,40,0.0,True
031|MDN|02,LNG 돌핀 2,130,0.007751937984496124,True
031|MDS|01,SK LPG 돌핀,45,0.0,True
031|MFK|01,원정리 부잔교,87,0.7674418604651163,False
031|MFK|02,동부두 부잔교,27,0.0,True
031|MFK|03,서부두 부잔교,14,0.15384615384615385,False
031|MFK|04,동부두내항관리부두부잔교,52,0.8627450980392157,False
031|MFK|05,당진고대지구관리부두,153,0.6644736842105263,False
031|MWK|01,한국가스공사 물양장,3,0.0,False
031|WAK|01,관리현장 묘박지,758,0.7912813738441216,False
300|MB1|01,1부두 1선석,5,0.0,True
300|MB2|01,2부두 1선석,14,0.07692307692307693,True
300|MB3|01,3부두 1선석,25,0.0,True
300|MB4|01,4부두 1선석,92,0.0,True
300|MB5|01,5부두 1선석,21,0.2,False
300|MDH|21,씨텍돌핀21,18,0.0,True
300|MDH|22,씨텍돌핀22,6,0.0,True
300|MDH|23,씨텍돌핀23,14,0.0,True
300|MDH|24,씨텍돌핀24,15,0.0,True
300|MDH|25,씨텍돌핀25,22,0.0,True
300|MDH|26,씨텍돌핀26,7,0.0,True
300|MDK|11,현대오일뱅크 돌핀 11,13,0.08333333333333333,True
300|MDK|12,현대오일뱅크 돌핀 12,59,0.0,True
300|MDK|13,현대오일뱅크 돌핀 13,257,0.06640625,True
300|MDK|14,현대오일뱅크 돌핀 14,25,0.0,True
300|MDK|15,현대오일뱅크 돌핀 15,13,0.08333333333333333,True
300|MDK|16,현대오일뱅크 돌핀 16,26,0.0,True
300|MDK|17,현대오일뱅크 돌핀 17,34,0.0,True
300|MDK|18,현대오일뱅크 돌핀 18,26,0.0,True
300|MDK|19,현대오일뱅크 돌핀 19,16,0.13333333333333333,False
300|MDN|11,한국석유공사돌핀,68,0.26865671641791045,False
300|MDS|31,한화토탈돌핀31,18,0.0,True
300|MDS|32,한화토탈돌핀32,15,0.0,True
300|MDS|33,한화토탈돌핀33,12,0.0,True
300|MDS|34,한화토탈돌핀34,6,0.0,True
300|MDS|35,한화토탈돌핀35,10,0.0,True
300|MDS|36,한화토탈돌핀36,32,0.0,True
300|MDS|37,한화토탈돌핀37,17,0.0,True
300|MFD|01,관리부두 부잔교 2기,154,1.0,False
300|MWJ|01,현대오일뱅크물양장01,3,0.0,False
300|SPM|01,현대오일뱅크SPM,32,0.06451612903225806,True
620|*JI|01,제일조선소,5,0.25,False
620|*NY|01,남양 조선소,2,0.0,False
620|*SY|01,세계조선소,11,0.3,False
620|*SY|02,여수해양,35,0.7647058823529411,False
620|MB4|01,크루즈부두,17,0.0,True
620|MB4|02,여수신항여객부두,2,0.0,False
620|MB5|04,여수신항제2부두 1선석,1,0.0,False
620|MB6|02,여수신항제3부두,1,0.0,False
620|MB6|03,여수신항해경부두,1,0.0,False
620|MB8|01,여수신북항 관리부두 1번 선석,2121,1.0,False
620|MWJ|01,종화동소형선부두,17,0.375,False
620|MWJ|02,중앙동소형선부두,12,0.5454545454545454,False
620|MWU|01,우두리소형선부두,434,0.8083140877598153,False
620|WAA|01,A구역,480,0.732776617954071,False
620|WAA|02,B구역,200,0.6884422110552764,False
620|WAA|03,C구역,136,0.5407407407407407,False
620|WAA|04,W구역,1402,0.8886509635974305,False
621|MB2|02,원료부두 22선석,1,0.0,False
621|MB2|03,원료부두 23선석,1,0.0,False
621|MB2|04,원료부두 24선석,3,0.0,False
621|MB4|05,제품부두 45선석,3,0.0,False
621|MB6|01,관리부두 61선석,1,0.0,False
621|MB7|06,자동차부두 76번 선석,1,0.0,False
621|MB7|0E,컨테이너부두3단계1차 7E선석,1,0.0,False
621|MBB|01,낙포석탄부두 1번선석,17,0.0,True
621|MBC|01,코스모스부두 C1선석,8,0.0,True
621|MBE|01,E1 가스부두,36,0.0,True
621|MBF|01,GS칼텍스제1제품부두 1선석,29,0.0,True
621|MBF|02,GS칼텍스제1제품부두 2선석,146,0.020689655172413793,True
621|MBF|03,GS칼텍스제1제품부두 3선석,45,0.0,True
621|MBF|04,GS칼텍스제1제품부두 4선석,114,0.0,True
621|MBF|05,GS칼텍스제1제품부두 5선석,7,0.0,True
621|MBF|06,GS칼텍스제1제품부두 6선석,82,0.012345679012345678,True
621|MBF|07,GS칼텍스제1제품부두 7선석,32,0.0,True
621|MBG|01,GS칼텍스 제2제품부두 1번선석,6,0.0,True
621|MBG|02,GS칼텍스 제2제품부두 2번선석,9,0.0,True
621|MBG|03,GS칼텍스 제2제품부두 3번선석,14,0.0,True
621|MBH|01,현대하이스코부두 H1선석,1,0.0,False
621|MBI|01,율촌일반부두,1,0.0,False
621|MBJ|01,중흥부두 J1선석,17,0.0,True
621|MBJ|02,중흥부두 J2선석,13,0.0,True
621|MBJ|03,중흥부두 J3선석,31,0.06666666666666667,True
621|MBJ|04,중흥부두 J4선석,40,0.05128205128205128,True
621|MBJ|05,중흥부두 J5선석,30,0.0,True
621|MBK|01,OKYC부두 1번선석,8,0.0,True
621|MBK|02,OKYC부두 2번선석,10,0.0,True
621|MBK|03,OKYC부두 3번선석,2,0.0,False
621|MBK|04,OKYC부두 4번선석,461,0.02608695652173913,True
621|MBL|01,LPG부두 L1선석,30,0.0,True
621|MBN|01,낙포부두 N1선석,14,0.0,True
621|MBN|02,낙포부두 N2선석,45,0.022727272727272728,True
621|MBN|03,낙포부두 N3선석,16,0.0,True
621|MBN|04,낙포부두 N4선석,16,0.06666666666666667,True
621|MBN|05,낙포부두 N5선석,26,0.0,True
621|MBN|31,GS칼텍스 제3제품부두 1번선석,1,0.0,False
621|MBO|01,U-1 입출하부두,2,0.0,False
621|MBP|01,삼남부두 P1선석,1,0.0,False
621|MBR|01,LG VCM부두 R1선석,44,0.0,True
621|MBS|01,사포1부두 S1선석,34,0.0,True
621|MBS|02,사포2부두 S2선석,16,0.0,True
621|MBU|01,석유화학부두 1번선석,11,0.0,True
621|MBU|02,석유화학부두 2번선석,17,0.0,True
621|MBU|03,제2석유화학부두 1번선석,9,0.0,True
621|MBU|04,제2석유화학부두 2번선석,7,0.0,True
621|MBV|01,제2중흥부두 1선석,27,0.0,True
621|MBV|02,제2중흥부두 2선석,42,0.0,True
621|MBW|01,원유부두 W1선석,3,0.0,False
621|MBW|02,원유부두 W2선석,7,0.0,True
621|MBW|03,원유부두 W3선석,2,0.0,False
621|MBX|01,여천일반부두 1번선석,35,0.14705882352941177,False
621|MBX|02,여천일반부두 2번선석,37,0.027777777777777776,True
621|MDA|01,LG화학제품부두1번선석,44,0.0,True
621|MDA|02,LG화학제품부두2번선석,39,0.0,True
621|MW1|01,태인부두,1,0.0,False
621|MWE|01,월내소형선부두,36,0.7714285714285715,False
621|MWH|01,한구미소형선부두,1,0.0,False
621|MWN|01,낙포소형선부두,135,0.12686567164179105,False
621|MWY|01,현대스틸 전용부두,1,0.0,False
621|MWY|02,삼우중공업 전용부두,1,0.0,False
621|WAA|01,A구역,189,0.7393617021276596,False
621|WAA|02,B구역,98,0.5051546391752577,False
621|WAA|03,C구역,8,0.0,True
621|WAA|04,W구역,211,0.9,False
622|MB1|01,CTS반출부두,58,0.19298245614035087,False
622|MB2|01,원료부두 1선석,2,0.0,False
622|MB2|02,원료부두 2선석,107,0.46226415094339623,False
622|MB2|03,원료부두 3선석,71,0.21428571428571427,False
622|MB2|04,원료부두 4선석,53,0.25,False
622|MB2|05,원료부두 5선석,75,0.1891891891891892,False
622|MB2|06,원료부두 6선석,106,0.3523809523809524,False
622|MB2|07,원료부두 7선석,132,0.40458015267175573,False
622|MB3|01,RO-RO부두 31선석,109,0.08333333333333333,True
622|MB3|02,RO-RO부두 32선석,102,0.04950495049504951,True
622|MB4|01,제품부두 41선석,144,0.7062937062937062,False
622|MB4|02,제품부두 42선석,63,0.20967741935483872,False
622|MB4|03,제품부두 43선석,53,0.057692307692307696,True
622|MB4|04,제품부두 44선석,70,0.10144927536231885,False
622|MB4|05,제품부두 45선석,596,0.18823529411764706,False
622|MB4|06,제품부두 46선석,44,0.046511627906976744,True
622|MB4|07,제품부두 47선석,52,0.0196078431372549,True
622|MB4|08,제품부두 48선석,12,0.0,True
622|MB4|09,제품부두 49선석,51,0.16,False
622|MB4|0A,제품부두 4A선석,2,0.0,False
622|MB4|0B,제품부두 4B선석,12,0.0,True
622|MB5|01,고철부두 51선석,59,0.20689655172413793,False
622|MB6|01,관리부두 61선석,9,0.0,True
622|MB7|01,하포일반부두 1번선석,55,0.16666666666666666,False
622|MB7|02,하포일반부두 2번선석,49,0.10416666666666667,False
622|MB7|03,하포일반부두 3번선석,65,0.453125,False
622|MB7|04,해양산업 클러스터부두,97,0.15625,False
622|MB7|05,자동차부두 75번 선석,153,0.1513157894736842,False
622|MB7|06,자동차부두 76번 선석,168,0.17964071856287425,False
622|MB7|07,자동차부두 77번 선석,170,0.15976331360946747,False
622|MB7|09,컨테이너부두2단계2차 79선석,2,0.0,False
622|MB7|0A,컨테이너부두2단계2차 7A선석,455,0.05506607929515418,True
622|MB7|0B,컨테이너부두2단계2차 7B선석,395,0.04314720812182741,True
622|MB7|0C,컨테이너부두2단계2차 7C선석,341,0.05,True
622|MB7|0D,컨테이너부두3단계1차 7D선석,223,0.08558558558558559,True
622|MB7|0E,컨테이너부두3단계1차 7E선석,421,0.22142857142857142,False
622|MB7|0F,컨테이너부두3단계1차 7F선석,699,0.3151862464183381,False
622|MB7|0G,컨테이너부두3단계1차 7G선석,466,0.06236559139784946,True
622|MB7|0H,컨테이너부두3단계2차 7H선석,5,0.0,True
622|MB7|0I,컨테이너부두3단계2차 7I선석,5,0.0,True
622|MB7|0J,컨테이너부두3단계2차 7J선석,2,1.0,False
622|MB7|0K,컨테이너부두3단계2차 7K선석,6,0.0,True
622|MB8|01,LNG 부두 81선석,118,0.0,True
622|MB9|01,중마일반부두 91선석,18,0.23529411764705882,False
622|MB9|02,중마일반부두 92선석,16,0.13333333333333333,False
622|MBA|01,후판로로부두,26,0.0,True
622|MBB|01,낙포석탄부두 1번선석,1,0.0,False
622|MBB|02,낙포석탄부두 2번선석,7,0.0,True
622|MBH|01,현대제철부두 H1선석,126,0.144,False
622|MBI|01,율촌일반부두,35,0.2647058823529412,False
622|MBT|01,시멘트전용부두 T1선석,63,0.12903225806451613,False
622|MBT|02,시멘트전용부두 T2선석,84,0.08433734939759036,True
622|MBT|03,시멘트전용부두 T3선석,51,0.0,True
622|MBT|04,시멘트전용부두 T4선석,26,0.04,True
622|MBT|05,시멘트전용부두 T5선석,5,0.0,True
622|MBY|01,여수화력석탄부두,3,0.0,False
622|MW1|01,태인부두,31,0.0,True
622|MW2|01,컨테이너관용선부두,2,0.0,False
622|MW7|01,컨부두기타(기존MB7-05),1,0.0,False
622|MWE|01,월내소형선부두,11,0.1,True
622|MWH|01,한구미소형선부두,2,0.0,False
622|MWO|01,율촌소형선부두,18,0.0,True
622|MWR|01,한라IMS 전용부두,11,1.0,False
622|MWY|01,현대스틸 전용부두,35,0.20588235294117646,False
622|MWY|02,한화오션에코텍 전용부두,253,0.38492063492063494,False
622|WAA|01,A구역,7,0.16666666666666666,False
622|WAA|02,B구역,21,0.3,False
622|WAA|04,W구역,56,0.5636363636363636,False
701|MB1|00,1부두 10선석,83,0.32926829268292684,False
701|MB1|01,1부두 11선석,83,0.3902439024390244,False
701|MB1|02,1부두 12선석,13,0.0,True
701|MB1|03,1부두 13선석,84,0.39759036144578314,False
701|MB1|04,1부두 14선석,63,0.1935483870967742,False
701|MB1|1C,1부두 11-1선석,98,0.36082474226804123,False
701|MB2|01,2부두 21선석,2,0.0,False
701|MB2|02,2부두 22선석,300,0.7926421404682275,False
701|MB2|03,2부두 23선석,15,0.14285714285714285,False
701|MB2|04,2부두 24선석,30,0.13793103448275862,False
701|MB2|05,2부두 25선석,37,0.1111111111111111,False
701|MB2|06,2부두 26선석,17,0.0625,True
701|MB3|1A,3부두 31선석 A,139,0.45652173913043476,False
701|MB3|1B,3부두 31선석 B,2,0.0,False
701|MB3|2A,3부두 32선석 A,64,0.23809523809523808,False
701|MB3|2B,3부두 32선석 B,3,0.0,False
701|MB3|3A,3부두 33선석 A,91,0.37777777777777777,False
701|MB4|1A,4부두 41선석 A,66,0.2153846153846154,False
701|MB4|1B,4부두 41선석 B,3,0.0,False
701|MB4|2A,4부두 42선석 A,76,0.32,False
701|MB4|2B,4부두 42선석 B,20,0.2631578947368421,False
701|MB5|1A,5부두 51선석 A,52,0.1568627450980392,False
701|MB5|1B,5부두 51선석 B,10,0.1111111111111111,False
701|MB5|2A,5부두 52선석 A,7,0.0,True
701|MB5|3A,5부두 53선석 A,8,0.0,True
701|MB5|4A,5부두 54선석 A,83,0.10975609756097561,False
701|MB5|4B,5부두 54선석 B,1,0.0,False
701|MB6|04,6부두 64선석,76,0.02666666666666667,True
701|MB6|05,6부두 65선석,30,0.1724137931034483,False
701|MB7|0A,7부두 70선석 A,33,0.03125,True
701|MB7|0B,7부두 70선석 B,19,0.0,True
701|MB7|1A,7부두 71선석 A,41,0.125,False
701|MB7|1B,7부두 71선석 B,23,0.09090909090909091,True
701|MB7|2A,7부두 72선석 A,5,0.0,True
701|MB7|3A,7부두 73선석 A,35,0.14705882352941177,False
701|MB7|3B,7부두 73선석 B,16,0.0,True
701|MB7|4A,7부두 74선석 A,37,0.027777777777777776,True
701|MB7|4B,7부두 74선석 B,3,0.0,False
701|MB7|5A,7부두 75선석 A,52,0.17647058823529413,False
701|MB7|5B,7부두 75선석 B,13,0.08333333333333333,True
701|MB7|6A,7부두 76선석 A,50,0.08163265306122448,True
701|MB7|6B,7부두 76선석 B,43,0.09523809523809523,True
701|MB8|1A,8부두 81선석 A,32,0.0967741935483871,True
701|MB8|1B,8부두 81선석 B,6,0.0,True
701|MB8|2A,8부두 82선석 A,58,0.2807017543859649,False
701|MB8|2B,8부두 82선석 B,17,0.0,True
701|MB8|3A,8부두 83선석 A,18,0.0,True
701|MB8|3B,8부두 83선석 B,11,0.0,True
701|MB8|4A,8부두 84선석 A,17,0.0625,True
701|MB8|4B,8부두 84선석 B,9,0.0,True
701|MB8|5A,8부두 85선석 A,21,0.25,False
701|MB8|6A,8부두 86선석 A,51,0.04,True
701|MB8|6B,8부두 86선석 B,87,0.2558139534883721,False
701|MB8|7A,8부두 87선석 A,9,0.5,False
701|WAS|01,S박지 S1,5,0.25,False
701|WAS|02,S박지 S2,12,0.0,True
701|WAS|03,S박지 S3,19,0.1111111111111111,False
701|WAS|04,S박지 S4,6,0.0,True
701|WAS|05,S박지 S5,4,0.0,False
820|MB1|01,1부두 01,46,0.022222222222222223,True
820|MB2|01,2부두 01,51,0.14,False
820|MB2|02,2부두 02,57,0.07142857142857142,True
820|MB2|03,2부두 03,76,0.04,True
820|MB3|01,3부두 01,38,0.02702702702702703,True
820|MB3|02,3부두 02,67,0.0,True
820|MB4|01,4부두 01,53,0.0,True
820|MB4|02,4부두 02,23,0.0,True
820|MB5|01,5부두 01,13,0.0,True
820|MB6|02,6부두 02,25,0.041666666666666664,True
820|MB6|03,6부두 03,28,0.0,True
820|MB6|04,6부두 04,15,0.07142857142857142,True
820|MB6|05,6부두 05,16,0.0,True
820|MB7|01,7부두 01,33,0.0,True
820|MB8|01,8부두 01,37,0.08333333333333333,True
820|MB8|02,8부두 02,21,0.1,True
820|MB9|01,9부두 01,161,0.0625,True
820|MBA|01,양곡부두,49,0.08333333333333333,True
820|MBC|01,신항컨테이너부두 01,265,0.03409090909090909,True
820|MBC|02,신항컨테이너부두 02,325,0.018518518518518517,True
820|MBC|03,신항컨테이너부두 03,227,0.004424778761061947,True
820|MBC|04,신항컨테이너부두 04,124,0.024390243902439025,True
820|MBD|01,S-OIL 4부두 01,2,0.0,False
820|MBD|02,S-OIL 4부두 02,17,0.0,True
820|MBD|03,S-OIL 4부두 03,16,0.06666666666666667,True
820|MBF|01,신항남방파제T/S부두 01,35,0.14705882352941177,False
820|MBF|02,신항남방파제T/S부두 02,18,0.11764705882352941,False
820|MBF|03,신항북방파제T/S부두 01,7,0.0,True
820|MBF|04,신항북방파제T/S부두 02,10,0.1111111111111111,False
820|MBG|02,일반부두 02,2,0.0,False
820|MBG|05,일반부두 05,8,0.2857142857142857,False
820|MBG|06,일반부두 06,15,0.0,True
820|MBG|07,일반부두 07,28,0.07407407407407407,True
820|MBG|08,일반부두 08,47,0.0,True
820|MBJ|01,자동차부두 01,120,0.08403361344537816,True
820|MBJ|02,자동차부두 02,117,0.10344827586206896,False
820|MBJ|03,자동차부두 03,88,0.13793103448275862,False
820|MBK|01,달포부두 01,321,0.509375,False
820|MBL|01,가스부두,107,0.07547169811320754,True
820|MBM|01,매암부두,1,0.0,False
820|MBN|01,신항일반부두 01,83,0.6463414634146342,False
820|MBN|02,신항일반부두 02,8,0.0,True
820|MBN|11,현대오일터미널신항1부두,5,0.0,True
820|MBN|12,현대오일터미널신항2부두,802,0.3920099875156055,False
820|MBN|13,정일스톨트헤븐울산신항3부두,115,0.05263157894736842,True
820|MBN|14,정일스톨트헤븐울산신항4부두,41,0.0,True
820|MBN|15,정일스톨트헤븐울산신항5부두,38,0.0,True
820|MBN|16,엘에스엠앤엠신항부두,49,0.041666666666666664,True
820|MBN|17,대한통운신항부두,18,0.0,True
820|MBN|18,한진신항부두,16,0.06666666666666667,True
820|MBN|19,UTK 신항부두,74,0.0547945205479452,True
820|MBN|22,북신항 에너지부두02,28,0.037037037037037035,True
820|MBN|24,북신항 에너지부두04,27,0.0,True
820|MBN|26,용연부두 01,125,0.6370967741935484,False
820|MBN|27,용연부두 02,81,0.0625,True
820|MBN|31,북신항 액체부두01,10,0.1111111111111111,False
820|MBO|01,온산1부두,73,0.013888888888888888,True
820|MBO|02,온산2부두,46,0.044444444444444446,True
820|MBO|03,온산3부두,32,0.06451612903225806,True
820|MBO|04,온산4부두,126,0.144,False
820|MBO|05,정일컨부두,295,0.0,True
820|MBO|06,효성부두,223,0.11711711711711711,False
820|MBP|01,염포부두 01,86,0.2,False
820|MBP|02,염포부두 02,17,0.0,True
820|MBR|01,UTK부두,73,0.1111111111111111,False
820|MBT|01,석탄부두 01,15,0.0,True
820|MBU|01,SK2부두 01,193,0.15104166666666666,False
820|MBU|02,SK2부두 02,71,0.014285714285714285,True
820|MBU|11,SK1부두 11,41,0.0,True
820|MBU|12,SK1부두 12,49,0.020833333333333332,True
820|MBY|01,용잠부두 01,13,0.0,True
820|MBY|03,용잠부두 02,43,0.023809523809523808,True
820|MDG|01,정일1부두,98,0.36082474226804123,False
820|MDG|02,정일2부두,90,0.20224719101123595,False
820|MDS|01,S-OIL1부두,96,0.14736842105263157,False
820|MDS|02,S-OIL2부두,181,0.22777777777777777,False
820|MDS|03,S-OIL3부두,47,0.06521739130434782,True
820|MDU|03,SK3부두,10,0.0,True
820|MDU|04,SK4부두,14,0.0,True
820|MDU|05,SK5부두,151,0.20666666666666667,False
820|MDU|06,SK6부두,18,0.0,True
820|MDU|07,SK7부두,19,0.0,True
820|MDU|08,SK8부두,8,0.0,True
820|MDW|01,유화1부두,101,0.07,True
820|MDW|02,OTK부두,44,0.09302325581395349,True
820|MDY|02,UTT부두,41,0.025,True
820|MLJ|01,장생포호안,766,1.0,False
820|MLU|01,남화부두,72,0.8169014084507042,False
820|MQJ|01,한진부두,9,0.125,False
820|MQM|01,현대미포의장안벽 01,15,0.0,True
820|MQM|02,현대미포의장안벽 02,3,0.5,False
820|MQM|04,현대미포의장안벽 04,50,0.3469387755102041,False
820|MQM|05,현대미포의장안벽 05,20,0.05263157894736842,True
820|MQP|01,미포부두 01,75,0.12162162162162163,False
820|MQP|02,미포부두 02,17,0.375,False
820|MQP|03,현중미포만의장안벽,521,0.9,False
820|MQP|04,현중전하만의장안벽,310,0.9449838187702265,False
820|MQP|05,현중해양의장안벽,9,0.125,False
820|MUD|01,S-OIL부이 01,43,0.023809523809523808,True
820|MUD|02,S-OIL부이 02,41,0.05,True
820|MUT|01,석유공사부이,13,0.0,True
820|MUY|02,SK부이 02,60,0.01694915254237288,True
820|MUY|03,SK부이 03,57,0.03571428571428571,True
820|MWD|01,대한유화소형선부두,3,0.0,False
820|MWI|01,이진소형선부두,723,1.0,False
820|MWS|01,신항부두작업장,23,0.8636363636363636,False
820|MWW|01,우봉소형선부두,115,0.6842105263157895,False
