정보,보정,정책,지연 합계 h,남은 대기 h,추가 선석 유휴 h,추가 유휴 2h 초과 항차,절감 연료 t,절감 CO2 t
-,-,현행 (원래대로 도착),0,32164,0,0,-0.0,-0.0
-,-,완전 정보 (상한),5987,26177,0,0,3461.4,10906.8
선석계획 공유,재보정,위험 수준 0.5,5392,27446,674,98,3058.8,9638.2
선석계획 공유,재보정,위험 수준 0.3,4348,28051,234,39,2456.7,7741.1
선석계획 공유,재보정,위험 수준 0.2,3831,28432,99,21,2182.5,6877.0
선석계획 공유,재보정,위험 수준 0.1,3393,28800,29,5,1927.1,6072.3
입항 선박만 관측,재보정,위험 수준 0.5,5384,28284,1505,162,2973.0,9367.8
입항 선박만 관측,재보정,위험 수준 0.3,3716,29121,672,87,2315.9,7297.4
입항 선박만 관측,재보정,위험 수준 0.2,2726,29762,324,46,1657.4,5222.3
입항 선박만 관측,재보정,위험 수준 0.1,1643,30597,75,13,995.6,3137.0
