항만,화물선 항차,직접 접안 %,정박지→선석 %,정박지 체류만 %,대기 추정 항차,대기 중앙값 h,대기 p75 h,대기 p90 h,12h 이상 %,대기 합계 h,대기 합계 h (72h 상한)
부산,33845,98.8,1.0,0.2,81,10.6,24.4,52.8,48.1,1549,1448
울산,19573,65.7,25.2,5.9,2314,9.2,38.9,94.6,46.7,74729,50466
인천,11487,98.5,0.0,1.5,1,13.9,13.9,13.9,100.0,14,14
광양,9539,81.7,15.5,2.9,531,11.5,38.8,88.2,49.2,16259,11853
여천,8948,73.8,23.1,3.1,1586,0.1,5.8,24.6,15.8,16904,12402
여수,8738,61.1,4.1,34.9,0,,,,,0,0
평택,7270,95.9,1.4,2.6,21,2.2,7.5,27.5,19.0,177,177
대산,5086,19.9,64.7,15.4,3068,10.5,37.9,79.3,48.2,89234,66823
포항신항,2938,100.0,0.0,0.0,0,,,,,0,0
